"filename", "language", "JavaScript", "JSON", "XML", "Log", "Markdown", "CSS", "comment", "blank", "total"
"/Users/year12/Desktop/Harvey/Alevel_2020-2021/README.md", "Markdown", 0, 0, 0, 0, 20, 0, 0, 15, 35
"/Users/year12/Desktop/Harvey/Alevel_2020-2021/combined.log", "Log", 0, 0, 0, 26, 0, 0, 0, 1, 27
"/Users/year12/Desktop/Harvey/Alevel_2020-2021/components/Algorithms/LinkedItem.js", "JavaScript", 38, 0, 0, 0, 0, 0, 0, 7, 45
"/Users/year12/Desktop/Harvey/Alevel_2020-2021/components/Algorithms/LinkedList.js", "JavaScript", 127, 0, 0, 0, 0, 0, 13, 1, 141
"/Users/year12/Desktop/Harvey/Alevel_2020-2021/components/Algorithms/PriorityQueue.js", "JavaScript", 80, 0, 0, 0, 0, 0, 1, 2, 83
"/Users/year12/Desktop/Harvey/Alevel_2020-2021/components/Context/socketioContext.js", "JavaScript", 12, 0, 0, 0, 0, 0, 0, 4, 16
"/Users/year12/Desktop/Harvey/Alevel_2020-2021/components/Core-API/ConnectAPI.js", "JavaScript", 69, 0, 0, 0, 0, 0, 28, 13, 110
"/Users/year12/Desktop/Harvey/Alevel_2020-2021/components/Core-API/LightingManager.js", "JavaScript", 13, 0, 0, 0, 0, 0, 4, 6, 23
"/Users/year12/Desktop/Harvey/Alevel_2020-2021/components/Core-API/RenderingHandler.js", "JavaScript", 23, 0, 0, 0, 0, 0, 1, 5, 29
"/Users/year12/Desktop/Harvey/Alevel_2020-2021/components/Core-API/gemotryManager.js", "JavaScript", 12, 0, 0, 0, 0, 0, 8, 6, 26
"/Users/year12/Desktop/Harvey/Alevel_2020-2021/components/gameFundalmentals/DayNightCycle.js", "JavaScript", 140, 0, 0, 0, 0, 0, 14, 11, 165
"/Users/year12/Desktop/Harvey/Alevel_2020-2021/components/gameFundalmentals/MainSceneHandler.js", "JavaScript", 66, 0, 0, 0, 0, 0, 6, 10, 82
"/Users/year12/Desktop/Harvey/Alevel_2020-2021/components/gameFundalmentals/ProceduleTerrain.js", "JavaScript", 44, 0, 0, 0, 0, 0, 12, 10, 66
"/Users/year12/Desktop/Harvey/Alevel_2020-2021/components/gameFundalmentals/clouds.js", "JavaScript", 76, 0, 0, 0, 0, 0, 2, 15, 93
"/Users/year12/Desktop/Harvey/Alevel_2020-2021/components/gameFundalmentals/controls.js", "JavaScript", 93, 0, 0, 0, 0, 0, 3, 6, 102
"/Users/year12/Desktop/Harvey/Alevel_2020-2021/components/gameFundalmentals/multiplayer/MainPlayerHandler.js", "JavaScript", 39, 0, 0, 0, 0, 0, 4, 6, 49
"/Users/year12/Desktop/Harvey/Alevel_2020-2021/components/gameFundalmentals/nametag.js", "JavaScript", 40, 0, 0, 0, 0, 0, 9, 12, 61
"/Users/year12/Desktop/Harvey/Alevel_2020-2021/components/gameFundalmentals/planeHandler/MainPlane.js", "JavaScript", 0, 0, 0, 0, 0, 0, 0, 1, 1
"/Users/year12/Desktop/Harvey/Alevel_2020-2021/components/gameFundalmentals/rotateAroundPoint.js", "JavaScript", 14, 0, 0, 0, 0, 0, 0, 5, 19
"/Users/year12/Desktop/Harvey/Alevel_2020-2021/components/gameFundalmentals/sky.js", "JavaScript", 128, 0, 0, 0, 0, 0, 23, 49, 200
"/Users/year12/Desktop/Harvey/Alevel_2020-2021/components/gameFundalmentals/stars.js", "JavaScript", 21, 0, 0, 0, 0, 0, 0, 8, 29
"/Users/year12/Desktop/Harvey/Alevel_2020-2021/components/gameUI/gameFeed.js", "JavaScript", 11, 0, 0, 0, 0, 0, 3, 3, 17
"/Users/year12/Desktop/Harvey/Alevel_2020-2021/error.log", "Log", 0, 0, 0, 0, 0, 0, 0, 1, 1
"/Users/year12/Desktop/Harvey/Alevel_2020-2021/index.js", "JavaScript", 103, 0, 0, 0, 0, 0, 9, 15, 127
"/Users/year12/Desktop/Harvey/Alevel_2020-2021/package-lock.json", "JSON", 0, 3075, 0, 0, 0, 0, 0, 1, 3076
"/Users/year12/Desktop/Harvey/Alevel_2020-2021/package.json", "JSON", 0, 29, 0, 0, 0, 0, 0, 1, 30
"/Users/year12/Desktop/Harvey/Alevel_2020-2021/pages/_app.js", "JavaScript", 10, 0, 0, 0, 0, 0, 0, 3, 13
"/Users/year12/Desktop/Harvey/Alevel_2020-2021/pages/api/hello.js", "JavaScript", 3, 0, 0, 0, 0, 0, 1, 2, 6
"/Users/year12/Desktop/Harvey/Alevel_2020-2021/pages/cube.js", "JavaScript", 44, 0, 0, 0, 0, 0, 1, 13, 58
"/Users/year12/Desktop/Harvey/Alevel_2020-2021/pages/index.js", "JavaScript", 68, 0, 0, 0, 0, 0, 0, 9, 77
"/Users/year12/Desktop/Harvey/Alevel_2020-2021/pages/test.js", "JavaScript", 186, 0, 0, 0, 0, 0, 2, 32, 220
"/Users/year12/Desktop/Harvey/Alevel_2020-2021/public/vercel.svg", "XML", 0, 0, 4, 0, 0, 0, 0, 0, 4
"/Users/year12/Desktop/Harvey/Alevel_2020-2021/server/setupLogger.js", "JavaScript", 23, 0, 0, 0, 0, 0, 0, 2, 25
"/Users/year12/Desktop/Harvey/Alevel_2020-2021/styles/Home.module.css", "CSS", 0, 0, 0, 0, 0, 114, 0, 18, 132
"/Users/year12/Desktop/Harvey/Alevel_2020-2021/styles/globals.css", "CSS", 0, 0, 0, 0, 0, 25, 0, 4, 29
"Total", "-", 1483, 3104, 4, 26, 20, 139, 144, 297, 5217